{"accuracy":0.6349809886,"roc_auc":0.6200828157}